B Minor Waltz,5,
Bill's Belli,6,
Bill's Hit Tune,7,
Blue In Green,9,
C Minor Blues Chase,10,
Carnival,11,
Catch The Wind,13,
Children's Play Song,15,
Chromatic Tune,14,
Comrade Conrad,17,
Displacement,18,
Epilogue,19,
Five,20,
For Nenette,25,
Fudgesicle Built For Four,26,
Fun Ride,29,
Funkallero,31,
Funny Man,32,
G Waltz,33,
In April,23,
Interplay,35,
It's Love - It's Christmas,36,
Knit for Mary F.,37,
Laurie (The Dream),39,
Letter To Evan,42,
Loose Bloose,43,
Maxine,45,
My Bells,47,
N.Y.C.'s No Lark,49,
One For Helen,50,
Only Child,51,
"Opener, The",53,
Orbit (Unless It's You),54,
Peace Piece,55,
Peri's Scope,56,
Prologue,57,
Quiet Now,59,
photo of Bill Evans,62,
Re: Person I Knew,63,
Remembering The Rain,64,
Show-Type Tune,65,
"Simple Matter Of Conviction, A",67,
Since We Met,69,
Song For Helen,68,
Story Line,71,
Theme (What You Gave),73,
Then Came You,74,
These Things Called Changes,75,
34 Skidoo,76,
Tiffany,77,
Time Remembered,79,
Turn Out The Stars,81,
Twelve Tone Tune (T.T.T.),84,
"Two Lonely People, The",87,
Very Early,91,
Walkin' Up,93,
Waltz For Debby,94,
Waltz In Eb,99,
We Will Meet Again,100,
Yet Ne'er Broken,101,
Your Story,103,103
