April Joy,12
Sea Song,13
Nacada,14
Bright Size Life,15
Omaha Celebration,16-17
Unity Village,18
Sirabhorn,19
Missouri Uncompromised,20
Uniquity Road,21
Midwestern Nights Dream,22
Ivy,24
Lakes,26
Watercolors,28
Oasis,30
River Quay,31
The Whopper,32
April Wind,34
It's for You,36
Phase Dance,42
Jaco,47
Lone Jack,50
San Lorenzo,54
Long Ago Child,61
New Chautauqua,62
Hermitage,64
Sueno Con Mexico,66
Daybreak,68
(Cross the) Heartland,70
The Search,75
American Garage,78
Airstream,82
The Epic,86
Every Day (I Thank You),93
80/81,96
The Bat,97
Folk Song #1,98
Pretty Scattered,100
Goin' Ahead,102
Better Days Ahead,104
September Fifteenth,107
Travels,112
James,114
"As Falls Wichita, So Falls Wichita Falls",116
Estupenda Graca,126
Offramp,128
Barcarole,129
Are You Going With Me?,132
Eighteen,136
Extrad ition,140
Farmer's Trust,142
"The Fields, the Sky",143
Goodbye,146
Straight on Red,148
Song for Bilbao,152
Story from a Stranger,154
The Calling,156
The Red Wind,157
Mas Alia,158
First Circle,160
TheChief,167
If I Could,168
End of the Game,170
House on the Hill,174
The Last to Know,176
Wasn't Always Easy,178
Tell It All,180
Forward March,184
Praise,187
John McKee,190
Parallel Realities,192
Dancing,193
Chris,196
Dau Iton Lee,197
This Is Not America,200
(It's Just) Talk,204
Kathelin Gray,209
Trigonometry,210
So May It Secretly Begin,211
Minuano  (Six-Eight),214
Last Train Home,224
In Her Family,227
Third Wind,228
Dream of the Return,235
Letter from Home,238
Grampa's Ghost,239
Slip Away,240
Have You Heard,242
Spring Ain't Here,246
557,250
45/8,256
Beat 70,259
Every Summer Night,262
Question & Answer,264
Change of Heart,266
H & H,268
Three Flights Up,269
Never Too Far Away,270
Half Life of Absolution,272
Naked Moon,276
The Road to You,278
Nine Over Reggae,279
Cool Nights,282
Always and Forever,284
Antonia,286
The Truth Will Always Be,289
Facing West,292
Cathedral in a Su itcase,296
As a Flower Blossoms,299
The Longest Summer,300
Rain River,302
See the World,304
Sunlight,308
Inori  (Prayer),310
Tell Her You Saw Me,311
Take Another Look,312
Not to Be Forgotten,314
We Had a Sister,315
Double Guatemala,316
Whittlin',318
Quiet Rising,319
The Red One,320
Message to a Friend,324
S.C.O.,325
Say the Brother's Name,326
Here to Stay,328
And Then I Knew,331
The Girls Next Door,336
Something to Remind You,338
To the End of the World,342
We Live Here,346
Red Sky,348
Stranger in Town,352
Title,Pages
Quartet  (Introduction),355
When We Were Free,356
As I Am,358
Sometimes I See,359
Seven Days,360
Language of Time,362
Mojave,367
Second Thought,368
Tears of Rain,369
On the Night You Were Born,370
For a Thousand Years,371
Passaggio Per II Paradiso (Main Theme),372
Don't Forget (Renato's Theme),374
Marta's Theme,376
The Heat of the Day,377
Follow Me,386
Imaginary Day,389
The Awakening,394
The Roots of Coincidence,401
Across the Sky,404
A Story Within a Story,406
Too Soon Tomorrow,410
Ballad Z,412
Outcasts,413
A Map of the World,414
Family,416
Homecoming,418
Holding Us,420
Resolution,425
Timeline (For Elvin),428
What Do You Want?,429
The Sun in Montreal,430
Just Like the Day,432
Sou I Cowboy,435
(Go) Get It,436
Additional Lyrics,437
Appendix,438
Meditations,446
