03 Real Book 1 (Bb) foreword,4,
03 Real Book 1 (Bb) index,5,8
After You,9
After You've Gone,10
Ain't Misbehavin',11
Alanjuneally,14
All Or Nothing At All,12
Along Came Betty,15
Always And Forever,16
Angela,17
Armando's Rhumba,18
Autumn In 3,20
Autumn Nocturne,21
Avalon Place,22
Bud Powell,46
Ballad For Anita,23
Ballad For Trane,24
Be My Love,26
Beautiful Friendship,25
Berrie's Tune,32
Beside Myself,28
Bess You Is My Woman Now,30
Best Thing For You Is Me,33
Better Git It In Your Soul,34
Beyond The Bluebird,35
Blue Daniel,36
Bluebird,37
Blues Backstage,38
Bolivia,39
Bop Boy,42
Bop Shop,40
Born To Be Blue,43
Bossa Rokka,44
Boy Next Door,45
Bud's Blues,48
Busch-Wacked,49
Buzzy,50
By Myself,51
Bye Bye Baby,52
Careful,53
Celia,54
"Certain Smile, A",56
Chariots,57
Cheek To Cheek,58
Cheryl,61
Close Enough For Love,62
Compensation,63
Cool Eyes,64
Cry Me A River,66
Dacapolypso,68
Day Dream,67
Day In Day Out,70
Dig,72
Don't Ask Why,74
Don't Ever Go Away,75
Don't Look Back,76
Double Clutching,78
Dream Dancing,79
East Of The Sun,80
Emanon,81
Emily,82
End Of A Love Affair,83
Endlessly,84
Estate,86
Eternal Triangle,87
Everything Happens To Me,90
Everything I Love,91
Ev'ry Time We Say Good Bye,88
Father,92
Favela,93
Fell Like Makin' Love,94
For Heavens' Sake,95
Freight Trane,96
French Waltz,97
Friday The 13th,98
From Now On,99
From the Heart,100
From This Moment On,102
Full Moon and Empty Arms,103
Funkallero,104
Gaviota,106
Gnu Blu,105
Godchild,108
Gone With The Wind,109
Goodbye,110
Got A Match?,111
H & H,120
Harlem Nocturne,112
Heartsong,114
High Hopes,116
High Wire The Aerialist,118
Hot House,121
How About You,122
How Deep Is The Ocean,123
How Long Has This Been Going On,124
I Concentrate On You,126
I Didn't Know What Time It Was,125
I Fall In Love Too Easily,128
I Left My Heart In San Francisco,129
I Loves You Porgy,136
I Need YOU Here,130
I Wish You Love,132
III Wind,150
I'll Be Around,134
I'll Be Seeing You,137
I'll Close My Eyes,138
I'll Take Romance,139
I'm Glad There Is You,140
I'm Old Fashioned,141
I'm Through With Love,142
In A Capricornian Way,151
In Her Family,152
In Love In Vain,153
In the Days of Our Love,154
Indian Summer,156
Irv's At Midnight,157
Isfahan,158
It Never Entered My Mind,159
It's All Right With Me,160
It's You Or No One,162
I've Got A Crush On You,143
I've Got The World On A String,144
I've Got You Under My Skin,146
I've Grown Accustomed To Your Face,148
I've Never Been In Love Before,149
Japanese Waltz,163
Jersey Bounce,164
Jitterbug Waltz,166
Jive Samba,165
Julian,170
Just One Of Those Things,168
Just Squeeze Me,171
Ladies In Mercedes,172
"Lady Is A Tramp, The",174
Lazy Afternoon,175
Leap Of Faith,176
Let's Fall In Love,368
Lil' Darlin,177
Line For Lyons,178
Little Face,180
Little Girl Blue,182
Little Willie Leaps,179
"Long View, The",184
"Loop, The",86
Lotus On Irish Streams,87
Loud-Zee,188
Love Walked In,190
Lovers Rain Dance,189
Lullaby Of The Leaves,192
Lulu's Back In Town,193
Makin' Whoopee,194
Mandala,196
Manhattan,197
Matrix,198
Mayreh,199
Meaning Of The Blues,200
MI Boj A Samba,202
Midnight Sun,204
Milestones,201
Moment To Moment,206
Monster & The Flower,208
Moon And Sand,210
Moonlight In Vermont,207
Mountain Greenery,212
Muezzin,213
My Heart Stood Still,216
My Man's Gone Now,214
Neal's Blues,217
Never Let Me Go,218
Nice 'N Easy,219
Night We Called It A Day,220
"Nightingale Sang In Berkeley Square, A",221
Nobody Else But Me,222
Now He Beats The Drum-Now He Stops,223
Now He Sings Now he Sobs,224
Number 6,225
Old Folks,226
On A Clear Day,227
On The Sly,228
On The Street Where You Live,230
Only You Know,232
Our Delight,236
Out Of This World,234
Over The Rainbow,237
Ow!,238
Panhandle Hook,240
"Party's Over, The",239
Passport,242
Patz Blues,243
People,244
Perhaps,246
Picadilly Lilly,247
Ploinciana,248
Point Of Return,249
Poor Butterfly,250
"Pretty Girl Is Like A Melody, A",251
Prism,252
Pure Imagination,253
Rahsaan's Run,254
Re; Person I Knew,256
Relaxin' At Carmarillo,257
Re-Re,255
Room 608,260
Rosewood,258
Saint Thomas,261
Samba De Orfeu,262
Sambacide,266
Santurce,264
Seabrook Revisited,267
Secret Love,268
Seems To Me,270
Serpent's Tooth,271
Shaw Nuff,272
Sister Sadie,274
Skylark,275
Sleepin' Bee,276
So In Love,278
Some Nerve,280
Something From Everyone,281
Song For Sisyphus,282
Sonnymoon For Two,284
Soon,285
Spirit Samba,286
Spring Can Really Hang You Up The Most,288
Squirrel,290
Stablemates,291
Star Eyes,292
Stars Fall On Alabama,293
Steeple Chase,294
Stormy Weather,295
Street Of Dreams,296
Sunny Side Of The Street,298
Sunny,297
Sweet Lorraine,299
Swing Dentz Swing,300
Swing Shift,302
Sy Clone,303
T.J.R.C.,304
Tea For Two,306
Teach Me Tonight,305
That Old Feeling,308
That's All,309
Their's Tears,315
Theme From Maxine,310
Then I'll Be Tired Of You,311
There Goes My Heart,312
They Say It's Wonderful,314
Things Ain't What They Used To Be,316
This Cant Be Love,317
Three And One,318
"Thrill Is Gone, The",319
Thyme's Time,320
Tidal Breeze,322
"Time For Love, A",323
Time Was,326
Times Lie,324
Tiny Capers,327
Tis,328
To Kill A Brick,329
Too Close For Comfort,330
Too Marvelous For Words,331
Touch Of Your Lips,332
Tricrotism,333
Tune 88,334
Un Poco Loco,335
Unforgettable,336
"Very Thought Of You, The",337
Violets For Your Furs,338
Wail,339
Wall-Eye Blues,340
Watch What Happens,341
Watermelon Man,342
Wes Side Stroll,344
What A Difference A Day Made,343
What Kind Of Fool Am I,346
When The Sun Comes Out,347
When Your Lover Has Gone,348
Where Or When,349
While We're Young,350
Who Can I Turn To?,351
Why Did I Choose You?,352
Will I You Still Be Mine,353
Witchcraft,354
With Every Breath I Take,355
Wrap Your Troubles In Dreams,356
You & The Night & The Music,357
You Do Something To Me,358
You Go To My Head,360
You Make Me Feel So Young,359
You Must Believe In Spring,362
Younger Than Springtime,366
You're Everything,364
Yours Is My Heart Alone,367
You've Changed,363
