All I Want For Christmas Is You,6,
All I Want For Christmas Is My Two Front Teeth,7,
Almost Day,8,9
Angels From The Realms Of Glory,10,
Angels We Have Heard On High,11,
As Long As There's Christmas,12,13
Auld Lang Syne,14,
Away In A Manger,15,
Away In A Manger (US),16,
Blue Christmas,17,
"Baby, It's Cold Outside",18,19
Because It's Christmas (For All The Children),20,21
"Boar's Head Carol, The",22,
"Bring A Torch, Jeannette, Isabella",23,
Brazilian Sleigh Bells,24,25
Burgundian Carol,26,
Carol Of The Bells,27,
"Caroling, Caroling",28,
"Chipmunk Song, The",29,
Christ Was Born On Christmas Day,30,
Christmas Is,31,
C-H-R-I-S-T-M-A-S,32,33
Christmas Is A-Comin' (May God Bless You),34,35
Christmas Is The Time To Say I Love You,36,37
"Christmas Song (Chestnuts Roasting On An Open Fire), The",38,
Christmas Time Is Here,39,
"Christmas Waltz, The",40,
Coventry Carol,41,
Cold December Nights,42,43
"Dance Of The Sugar Plum Fairy, Op. 71a",44,
Deck The Hall,45,
Ding Dong! Merrily On High!,46,
Do You Hear What I Hear,47,
Do They Know It's Christmas? (Feed The World),48,49
Feliz Navidad,50,
"First Noel, The",51,
"Friendly Beasts, The",52,
From Heaven Above To Earth I Come,53,
Frosty The Snowman,54,55
"Fum, Fum, Fum",56,
"Go, Tell It On The Mountain",57,
Gesu Bambino (The Infant Jesus),58,59
"Gift, The",60,61
"God Rest Ye Merry, Gentlemen",62,
"Good Christian Men, Rejoice",63,
Good King Wenceslas,64,
Greenwillow Christmas,65,
Grandma Got Run Over By A Reindeer,66,67
Grandma's Killer Fruitcake,68,69
"Greatest Gift Of All, The",70,71
Grown-Up Christmas List,72,73
Hallelujah Chorus,74,75
"Happy Christmas, Little Friend",76,
Happy Holiday,77,
"Happy Hanukkah, My Friend (The Hanukkah Song)",78,79
Happy Xmas (War Is Over),80,81
Hard Candy Christmas,82,83
Hark! The Herald Angels Sing,84,
He,85,
Here Comes Santa Claus (Right Down Santa Claus Lane),86,
Here We Come A-Wassailing,87,
"Holly And The Ivy, The",88,
"Holly Jolly Christmas, A",89,
(There's No Place Like) Home For The Holidays,90,91
I Heard The Bells On Christmas Day,92,
I Saw Mommy Kissing Santa Claus,93,
I Wonder As I Wander,94,
I've Got My Love To Keep Me Warm,95,
I'll Be Home For Christmas,96,97
It Came Upon The Midnight Clear,98,
It's A Big Wide Wonderful World,99,
It Must Have Been The Mistletoe (Our First Christmas),100,101
It's Beginning To Look Like Christmas,102,103
It's Christmas In New York,104,105
It's Christmas Time All Over The World,106,107
It's Just Another New Year's Eve,108,109
"Jesu, Joy Of Man's Desiring",110,111
Jingle Bell Rock,112,113
Jingle Bells,114,
"Jingle, Jingle, Jingle",115,
Joy To The World,116,
June In January,117,
Last Christmas,118,119
The Last Month Of The Year (What Month Was Jesus Born In?),120,121
Let It Snow! Let It Snow! Let It Snow!,122,
Let's Have An Old Fashioned Christmas,123,
Little Saint Nick,124,125
Lost In The Stars,126,127
March Of The Toys,128,129
"Marshmallow World, A",130,
Mele Kalikimaka,131,
"Merry Christmas, Baby",132,133
"Merry Christmas, Darling",134,135
"Merry Christmas Polka, The",136,
Mistletoe And Holly,137,
"Merry, Merry Christmas Baby",138,139
"Merry, Merry Christmas To You, A",140,141
Mister Santa,142,143
"Most Wonderful Day Of The Year, The",144,145
"Most Wonderful Time Of The Year, The",146,147
My Favorite Things,148,
Noel! Noel!,149,
My Only Wish This Year,150,151
"Night Before Christmas Song, The",152,153
Nuttin' For Christmas,154,155
O Christmas Tree,156,
"O Come, All Ye Faithful",157,
"O Come, O Come Immanuel",158,
O Little Town Of Bethlehem,159,
O Holy Night,160,161
Old Toy Trains,162,163
Parade Of The Wooden Soldiers,164,165
Pretty Paper,166,167
Rockin' Around The Christmas Tree,168,
Rudolph The Red-Nosed Reindeer,169,
Santa Baby,170,171
"Santa, Bring My Baby Back (To Me)",172,
Shake Me I Rattle (Squeeze Me I Cry),173,
Santa Claus Is Comin' To Town,174,175
Silent Night,176,
Silver And Gold,177,
Silver Bells,178,
Sing We Now Of Christmas,179,
Snowfall,180,
Somewhere In My Memory,181,
Someday At Christmas,182,183
"Star Carol, The",184,
"Still, Still, Still",185,
Suzy Snowflake,186,
That Christmas Feeling,187,
Tennessee Christmas,188,189
This Christmas,190,191
This One's For The Children,192,193
Toyland,194,
Up On The Housetop,195,
Twas The Night Before Christmas,196,197
"Twelve Days Of Christmas, The",198,199
We Need A Little Christmas,200,201
We Three Kings Of Orient Are,202,
We Wish You A Merry Christmas,203,
What A Merry Christmas This Could Be,204,205
What Are You Doing New Year's Eve?,206,
What Child Is This?,207,
When Santa Claus Gets Your Letter,208,
While Shepherds Watched Their Flocks,209,
"White World Of Winter, The",210,
"Wonderful World Of Christmas, The",211,
Wonderful Christmastime,212,213
You Make It Feel Like Christmas,214,215
You're All I Want For Christmas,216,
