"Ablution","10","10","Real_Book_Vol2_2nd_Edition.pdf"
"Adam's Apple","11","11","Real_Book_Vol2_2nd_Edition.pdf"
"Affirmation","12","12","Real_Book_Vol2_2nd_Edition.pdf"
"Air Mail Special","13","13","Real_Book_Vol2_2nd_Edition.pdf"
"Alfie's Theme","14","14","Real_Book_Vol2_2nd_Edition.pdf"
"All Alone (Left Alone)","15","15","Real_Book_Vol2_2nd_Edition.pdf"
"(All of a Sudden) My Heart Sings","16","16","Real_Book_Vol2_2nd_Edition.pdf"
"Alto Itis","17","17","Real_Book_Vol2_2nd_Edition.pdf"
"Another Star","18","19","Real_Book_Vol2_2nd_Edition.pdf"
"April Skies","20","21","Real_Book_Vol2_2nd_Edition.pdf"
"Are You Havin' Any Fun?","22","22","Real_Book_Vol2_2nd_Edition.pdf"
"Ask Me Now","23","23","Real_Book_Vol2_2nd_Edition.pdf"
"At the Mambo Inn","24","24","Real_Book_Vol2_2nd_Edition.pdf"
"Avalon","25","25","Real_Book_Vol2_2nd_Edition.pdf"
"Azure","26","26","Real_Book_Vol2_2nd_Edition.pdf"
"Ba-Lue Bolivar Ba-Lues-Are (Bolivar Blues)","27","27","Real_Book_Vol2_2nd_Edition.pdf"
"Baby, It's Cold Outside","28","28","Real_Book_Vol2_2nd_Edition.pdf"
"Bags and Trane","29","29","Real_Book_Vol2_2nd_Edition.pdf"
"Bags' Groove","30","30","Real_Book_Vol2_2nd_Edition.pdf"
"Bali Ha'i","31","31","Real_Book_Vol2_2nd_Edition.pdf"
"A Ballad","32","33","Real_Book_Vol2_2nd_Edition.pdf"
"Baltimore Oriole","34","34","Real_Book_Vol2_2nd_Edition.pdf"
"Barbados","35","35","Real_Book_Vol2_2nd_Edition.pdf"
"Barbara","36","36","Real_Book_Vol2_2nd_Edition.pdf"
"Basin Street Blues","37","37","Real_Book_Vol2_2nd_Edition.pdf"
"Be-Bop","38","38","Real_Book_Vol2_2nd_Edition.pdf"
"Better Leave It Alone","39","39","Real_Book_Vol2_2nd_Edition.pdf"
"Beyond the Sea","40","40","Real_Book_Vol2_2nd_Edition.pdf"
"Big P","41","41","Real_Book_Vol2_2nd_Edition.pdf"
"Bill's Hit Tune","42","42","Real_Book_Vol2_2nd_Edition.pdf"
"Billie's Blues (I Love My Man)","43","43","Real_Book_Vol2_2nd_Edition.pdf"
"Billie's Bounce (Bill's Bounce)","44","44","Real_Book_Vol2_2nd_Edition.pdf"
"Bird Feathers","45","45","Real_Book_Vol2_2nd_Edition.pdf"
"Birdland","46","47","Real_Book_Vol2_2nd_Edition.pdf"
"Birk's Works","48","48","Real_Book_Vol2_2nd_Edition.pdf"
"The Birth of the Blues","49","49","Real_Book_Vol2_2nd_Edition.pdf"
"Black and Tan Fantasy","50","50","Real_Book_Vol2_2nd_Edition.pdf"
"Biame it on My Youth","51","51","Real_Book_Vol2_2nd_Edition.pdf"
"Bloomdido","52","52","Real_Book_Vol2_2nd_Edition.pdf"
"Blow Mr. Dexter","53","53","Real_Book_Vol2_2nd_Edition.pdf"
"Blue ’N’ Boogie","54","54","Real_Book_Vol2_2nd_Edition.pdf"
"Blue Serge","55","55","Real_Book_Vol2_2nd_Edition.pdf"
"Blue Seven","56","56","Real_Book_Vol2_2nd_Edition.pdf"
"Blue Silver","57","57","Real_Book_Vol2_2nd_Edition.pdf"
"Blue Skies","58","58","Real_Book_Vol2_2nd_Edition.pdf"
"Blues by Five","59","59","Real_Book_Vol2_2nd_Edition.pdf"
"Blues for Wood","60","60","Real_Book_Vol2_2nd_Edition.pdf"
"Blues in the Closet","61","61","Real_Book_Vol2_2nd_Edition.pdf"
"Blues March","62","62","Real_Book_Vol2_2nd_Edition.pdf"
"Bohemia After Dark","63","63","Real_Book_Vol2_2nd_Edition.pdf"
"Booker’s Waltz","64","64","Real_Book_Vol2_2nd_Edition.pdf"
"Brian's Song","65","65","Real_Book_Vol2_2nd_Edition.pdf"
"Bouncing with Bud","66","67","Real_Book_Vol2_2nd_Edition.pdf"
"Bright Boy","68","68","Real_Book_Vol2_2nd_Edition.pdf"
"Brilliant Corners","69","69","Real_Book_Vol2_2nd_Edition.pdf"
"Budo","70","70","Real_Book_Vol2_2nd_Edition.pdf"
"Bunko","71","71","Real_Book_Vol2_2nd_Edition.pdf"
"Buster Rides Again","72","72","Real_Book_Vol2_2nd_Edition.pdf"
"Bye Bye Blackbird","73","73","Real_Book_Vol2_2nd_Edition.pdf"
"C-Jam Blues","74","74","Real_Book_Vol2_2nd_Edition.pdf"
"Candy","75","75","Real_Book_Vol2_2nd_Edition.pdf"
"Canteloupe Island","76","76","Real_Book_Vol2_2nd_Edition.pdf"
"Caravan","77","77","Real_Book_Vol2_2nd_Edition.pdf"
"Cast Your Fate to the Wind","78","78","Real_Book_Vol2_2nd_Edition.pdf"
"Chameleon","79","79","Real_Book_Vol2_2nd_Edition.pdf"
"The Champ","80","80","Real_Book_Vol2_2nd_Edition.pdf"
"Chasin’ the Trane","81","81","Real_Book_Vol2_2nd_Edition.pdf"
"Cheesecake","82","83","Real_Book_Vol2_2nd_Edition.pdf"
"Circle","84","85","Real_Book_Vol2_2nd_Edition.pdf"
"Close Your Eyes","86","86","Real_Book_Vol2_2nd_Edition.pdf"
"Cold Duck Time","87","87","Real_Book_Vol2_2nd_Edition.pdf"
"Come Rain or Come Shine","88","88","Real_Book_Vol2_2nd_Edition.pdf"
"Come On Home Baby","89","89","Real_Book_Vol2_2nd_Edition.pdf"
"The Cooker","90","90","Real_Book_Vol2_2nd_Edition.pdf"
"Cool Blues","91","91","Real_Book_Vol2_2nd_Edition.pdf"
"The Core","92","92","Real_Book_Vol2_2nd_Edition.pdf"
"Cousin Mary","93","93","Real_Book_Vol2_2nd_Edition.pdf"
"Crazeology","94","94","Real_Book_Vol2_2nd_Edition.pdf"
"Crepuscule","95","95","Real_Book_Vol2_2nd_Edition.pdf"
"Criss Cross","96","96","Real_Book_Vol2_2nd_Edition.pdf"
"Crosscurrent","97","97","Real_Book_Vol2_2nd_Edition.pdf"
"Dancing on the Ceiling (“Danco O’ the Infidels”)","98","98","Real_Book_Vol2_2nd_Edition.pdf"
"Dat Dere","99","99","Real_Book_Vol2_2nd_Edition.pdf"
"Day by Day","100","100","Real_Book_Vol2_2nd_Edition.pdf"
"Dewey Square","101","101","Real_Book_Vol2_2nd_Edition.pdf"
"Dexter Rides Again","102","102","Real_Book_Vol2_2nd_Edition.pdf"
"Didn’t We","103","103","Real_Book_Vol2_2nd_Edition.pdf"
"Dinah","104","104","Real_Book_Vol2_2nd_Edition.pdf"
"Dindi","105","105","Real_Book_Vol2_2nd_Edition.pdf"
"Do I Love You Because You’re Beautiful?","106","106","Real_Book_Vol2_2nd_Edition.pdf"
"Do Nothin’ Till You Hear from Me","107","107","Real_Book_Vol2_2nd_Edition.pdf"
"Do You Know What It Means to Miss New Orleans","108","108","Real_Book_Vol2_2nd_Edition.pdf"
"Don’t Explain","109","109","Real_Book_Vol2_2nd_Edition.pdf"
"Down for Double","110","110","Real_Book_Vol2_2nd_Edition.pdf"
"Doxy","111","111","Real_Book_Vol2_2nd_Edition.pdf"
"The Duke","112","112","Real_Book_Vol2_2nd_Edition.pdf"
"Duff","113","113","Real_Book_Vol2_2nd_Edition.pdf"
"Early Autumn","114","114","Real_Book_Vol2_2nd_Edition.pdf"
"Eclipse","115","115","Real_Book_Vol2_2nd_Edition.pdf"
"Edelweissstrasse","116","116","Real_Book_Vol2_2nd_Edition.pdf"
"Elora","117","117","Real_Book_Vol2_2nd_Edition.pdf"
"Emancipation Blues","118","118","Real_Book_Vol2_2nd_Edition.pdf"
"Epilogue","119","119","Real_Book_Vol2_2nd_Edition.pdf"
"Estate","120","120","Real_Book_Vol2_2nd_Edition.pdf"
"Everything I Have Is Yours","121","121","Real_Book_Vol2_2nd_Edition.pdf"
"Eye of the Hurricane","122","122","Real_Book_Vol2_2nd_Edition.pdf"
"Farmer’s Trust","123","123","Real_Book_Vol2_2nd_Edition.pdf"
"Ezz-Thetic","124","125","Real_Book_Vol2_2nd_Edition.pdf"
"Feels So Good","126","127","Real_Book_Vol2_2nd_Edition.pdf"
"Fever","128","128","Real_Book_Vol2_2nd_Edition.pdf"
"52nd Street Theme","129","129","Real_Book_Vol2_2nd_Edition.pdf"
"Filthy McNasty","130","130","Real_Book_Vol2_2nd_Edition.pdf"
"First Trip","131","131","Real_Book_Vol2_2nd_Edition.pdf"
"Five Brothers","132","132","Real_Book_Vol2_2nd_Edition.pdf"
"Five Spot After Dark","133","133","Real_Book_Vol2_2nd_Edition.pdf"
"A Flower Is a Lovesome Thing","134","134","Real_Book_Vol2_2nd_Edition.pdf"
"Fly Me to the Moon","135","135","Real_Book_Vol2_2nd_Edition.pdf"
"Flying Home","136","136","Real_Book_Vol2_2nd_Edition.pdf"
"The Folks Who Live on the Hill","137","137","Real_Book_Vol2_2nd_Edition.pdf"
"Four Brothers","138","138","Real_Book_Vol2_2nd_Edition.pdf"
"Freight Trane","139","139","Real_Book_Vol2_2nd_Edition.pdf"
"Fox Hunt","140","141","Real_Book_Vol2_2nd_Edition.pdf"
"Freneśi","142","142","Real_Book_Vol2_2nd_Edition.pdf"
"The Frim Fram Sauce","143","143","Real_Book_Vol2_2nd_Edition.pdf"
"Funky","144","144","Real_Book_Vol2_2nd_Edition.pdf"
"Georgia on My Mind","145","145","Real_Book_Vol2_2nd_Edition.pdf"
"Get Me to the Church on Time","146","147","Real_Book_Vol2_2nd_Edition.pdf"
"Get Out of Town","148","148","Real_Book_Vol2_2nd_Edition.pdf"
"Gettin’ It Together","149","149","Real_Book_Vol2_2nd_Edition.pdf"
"The Gift (Recado Bossa Nova)","150","150","Real_Book_Vol2_2nd_Edition.pdf"
"Girl Talk","151","151","Real_Book_Vol2_2nd_Edition.pdf"
"Gravy Waltz","152","152","Real_Book_Vol2_2nd_Edition.pdf"
"Gregory Is Here","153","153","Real_Book_Vol2_2nd_Edition.pdf"
"Grooveyard","154","154","Real_Book_Vol2_2nd_Edition.pdf"
"Hackensack","155","155","Real_Book_Vol2_2nd_Edition.pdf"
"Hallucinations","156","156","Real_Book_Vol2_2nd_Edition.pdf"
"Happy Little Sunbeam","157","157","Real_Book_Vol2_2nd_Edition.pdf"
"Havona","158","159","Real_Book_Vol2_2nd_Edition.pdf"
"Head and Shoulders","160","160","Real_Book_Vol2_2nd_Edition.pdf"
"High Fly","161","161","Real_Book_Vol2_2nd_Edition.pdf"
"Hi Beck","162","163","Real_Book_Vol2_2nd_Edition.pdf"
"Ho-Ba-La-La","164","164","Real_Book_Vol2_2nd_Edition.pdf"
"Hocus-Pocus","165","165","Real_Book_Vol2_2nd_Edition.pdf"
"Holy Land","166","166","Real_Book_Vol2_2nd_Edition.pdf"
"Honeysuckle Rose","167","167","Real_Book_Vol2_2nd_Edition.pdf"
"Horace Scope","168","168","Real_Book_Vol2_2nd_Edition.pdf"
"The Huckle-Buck","169","169","Real_Book_Vol2_2nd_Edition.pdf"
"Hummin’","170","170","Real_Book_Vol2_2nd_Edition.pdf"
"Humpty Dumpty","171","171","Real_Book_Vol2_2nd_Edition.pdf"
"I Believe in You","172","172","Real_Book_Vol2_2nd_Edition.pdf"
"I Don’t Stand a Ghost of a Chance","173","173","Real_Book_Vol2_2nd_Edition.pdf"
"I Get Along Without You Very Well (Except Sometimes)","174","175","Real_Book_Vol2_2nd_Edition.pdf"
"I Have Dreamed","176","176","Real_Book_Vol2_2nd_Edition.pdf"
"I Hear a Rhapsody","177","177","Real_Book_Vol2_2nd_Edition.pdf"
"I Remember Bird","178","178","Real_Book_Vol2_2nd_Edition.pdf"
"I Remember You","179","179","Real_Book_Vol2_2nd_Edition.pdf"
"I Thought About You","180","180","Real_Book_Vol2_2nd_Edition.pdf"
"I Will Wait for You","181","181","Real_Book_Vol2_2nd_Edition.pdf"
"I Wish I Didn’t Love You So","182","182","Real_Book_Vol2_2nd_Edition.pdf"
"I’ll Know","183","183","Real_Book_Vol2_2nd_Edition.pdf"
"I’m a Fool to Want You","184","184","Real_Book_Vol2_2nd_Edition.pdf"
"I’m Confessin’ (That I Love You)","185","185","Real_Book_Vol2_2nd_Edition.pdf"
"I’m Just a Lucky So and So","186","186","Real_Book_Vol2_2nd_Edition.pdf"
"I’m Putting All My Eggs in One Basket","187","187","Real_Book_Vol2_2nd_Edition.pdf"
"I Found a New Baby","188","188","Real_Book_Vol2_2nd_Edition.pdf"
"I’ve Told Every Little Star","189","189","Real_Book_Vol2_2nd_Edition.pdf"
"Ice Cream Konitz","190","190","Real_Book_Vol2_2nd_Edition.pdf"
"Idle Gossip","191","191","Real_Book_Vol2_2nd_Edition.pdf"
"If I Loved You","192","192","Real_Book_Vol2_2nd_Edition.pdf"
"If I Should Lose You","193","193","Real_Book_Vol2_2nd_Edition.pdf"
"If I Were a Bell","194","194","Real_Book_Vol2_2nd_Edition.pdf"
"Imagination","195","195","Real_Book_Vol2_2nd_Edition.pdf"
"In Case You Haven’t Heard","196","196","Real_Book_Vol2_2nd_Edition.pdf"
"In Pursuit of the 27th Man","197","197","Real_Book_Vol2_2nd_Edition.pdf"
"In the Still of the Night","198","199","Real_Book_Vol2_2nd_Edition.pdf"
"In Walked Bud","200","200","Real_Book_Vol2_2nd_Edition.pdf"
"Indiana (Back Home Again in Indiana)","201","201","Real_Book_Vol2_2nd_Edition.pdf"
"Infant Eyes","202","202","Real_Book_Vol2_2nd_Edition.pdf"
"Island Birdie","203","203","Real_Book_Vol2_2nd_Edition.pdf"
"It Could Happen to You","204","204","Real_Book_Vol2_2nd_Edition.pdf"
"It Might As Well Be Spring","205","206","Real_Book_Vol2_2nd_Edition.pdf"
"It's a Blue World","207","207","Real_Book_Vol2_2nd_Edition.pdf"
"It Will Have to Do Until the Real Thing Comes Along","208","207","Real_Book_Vol2_2nd_Edition.pdf"
"It's All Right with Me","208","208","Real_Book_Vol2_2nd_Edition.pdf"
"It's Only a Paper Moon","209","209","Real_Book_Vol2_2nd_Edition.pdf"
"It's So Peaceful in the Country","210","210","Real_Book_Vol2_2nd_Edition.pdf"
"Jackie","211","211","Real_Book_Vol2_2nd_Edition.pdf"
"Jeannine","212","212","Real_Book_Vol2_2nd_Edition.pdf"
"Jingles","213","213","Real_Book_Vol2_2nd_Edition.pdf"
"Jitterbug Waltz","214","214","Real_Book_Vol2_2nd_Edition.pdf"
"The Jody Grind","215","215","Real_Book_Vol2_2nd_Edition.pdf"
"Joyce's Samba","216","216","Real_Book_Vol2_2nd_Edition.pdf"
"Jump, Jive, an' Wail","217","217","Real_Book_Vol2_2nd_Edition.pdf"
"Jumpin’ with Symphony Sid","218","218","Real_Book_Vol2_2nd_Edition.pdf"
"June Is Bustin’ Out All Over","219","219","Real_Book_Vol2_2nd_Edition.pdf"
"Just a Few","220","220","Real_Book_Vol2_2nd_Edition.pdf"
"Just a Settin’ and a Rockin’","221","221","Real_Book_Vol2_2nd_Edition.pdf"
"Just in Time","222","222","Real_Book_Vol2_2nd_Edition.pdf"
"Kary's Trance","223","223","Real_Book_Vol2_2nd_Edition.pdf"
"Just the Way You Are","224","225","Real_Book_Vol2_2nd_Edition.pdf"
"Katrina Ballerina","226","226","Real_Book_Vol2_2nd_Edition.pdf"
"The Kicker","227","227","Real_Book_Vol2_2nd_Edition.pdf"
"Kids Are Pretty People","228","228","Real_Book_Vol2_2nd_Edition.pdf"
"Killer Joe","229","229","Real_Book_Vol2_2nd_Edition.pdf"
"Lady Day","230","230","Real_Book_Vol2_2nd_Edition.pdf"
"Lakes","231","231","Real_Book_Vol2_2nd_Edition.pdf"
"Last Night When We Were Young","232","232","Real_Book_Vol2_2nd_Edition.pdf"
"The Last Time I Saw Paris","233","233","Real_Book_Vol2_2nd_Edition.pdf"
"Leila","234","234","Real_Book_Vol2_2nd_Edition.pdf"
"Lennie’s Pennies","235","235","Real_Book_Vol2_2nd_Edition.pdf"
"Let’s Cool One","236","236","Real_Book_Vol2_2nd_Edition.pdf"
"Let’s Fall in Love","237","237","Real_Book_Vol2_2nd_Edition.pdf"
"Let’s Get Lost","238","238","Real_Book_Vol2_2nd_Edition.pdf"
"Like Sonny","239","240","Real_Book_Vol2_2nd_Edition.pdf"
"Limbo","241","241","Real_Book_Vol2_2nd_Edition.pdf"
"Little Chicago Fire","242","242","Real_Book_Vol2_2nd_Edition.pdf"
"Little Rootie Tootie","243","243","Real_Book_Vol2_2nd_Edition.pdf"
"Little Sunflower","244","244","Real_Book_Vol2_2nd_Edition.pdf"
"Locomotion","245","245","Real_Book_Vol2_2nd_Edition.pdf"
"Lone Jack","246","247","Real_Book_Vol2_2nd_Edition.pdf"
"Lonely Dreams","248","248","Real_Book_Vol2_2nd_Edition.pdf"
"Look for the Silver Lining","249","249","Real_Book_Vol2_2nd_Edition.pdf"
"Lotus Blossom","250","250","Real_Book_Vol2_2nd_Edition.pdf"
"Love Is Just Around The Corner","251","251","Real_Book_Vol2_2nd_Edition.pdf"
"Love, Look Away","252","252","Real_Book_Vol2_2nd_Edition.pdf"
"Love Vibrations","253","253","Real_Book_Vol2_2nd_Edition.pdf"
"A Lovely Way to Spend an Evening","254","254","Real_Book_Vol2_2nd_Edition.pdf"
"Lover Man (Oh, Where Can You Be?)","255","255","Real_Book_Vol2_2nd_Edition.pdf"
"Lover","256","257","Real_Book_Vol2_2nd_Edition.pdf"
"Make Someone Happy","258","258","Real_Book_Vol2_2nd_Edition.pdf"
"Manteca","259","259","Real_Book_Vol2_2nd_Edition.pdf"
"Memories of You","260","260","Real_Book_Vol2_2nd_Edition.pdf"
"Menina Flor","261","261","Real_Book_Vol2_2nd_Edition.pdf"
"Mercy, Mercy, Mercy","262","262","Real_Book_Vol2_2nd_Edition.pdf"
"Minor Mishap","263","263","Real_Book_Vol2_2nd_Edition.pdf"
"Miles Ahead","264","265","Real_Book_Vol2_2nd_Edition.pdf"
"Minor Mood","266","266","Real_Book_Vol2_2nd_Edition.pdf"
"Theme from Mr. Broadway","267","267","Real_Book_Vol2_2nd_Edition.pdf"
"Mr. Magic","268","268","Real_Book_Vol2_2nd_Edition.pdf"
"Monk’s Mood","269","269","Real_Book_Vol2_2nd_Edition.pdf"
"Moanin’","270","271","Real_Book_Vol2_2nd_Edition.pdf"
"Monk’s Shop","272","272","Real_Book_Vol2_2nd_Edition.pdf"
"Moon Rays","273","273","Real_Book_Vol2_2nd_Edition.pdf"
"Moon River","274","275","Real_Book_Vol2_2nd_Edition.pdf"
"Moonglow","276","276","Real_Book_Vol2_2nd_Edition.pdf"
"More Than You Know","277","277","Real_Book_Vol2_2nd_Edition.pdf"
"Moose the Mooche","278","277","Real_Book_Vol2_2nd_Edition.pdf"
"Morning Dance","278","278","Real_Book_Vol2_2nd_Edition.pdf"
"Moten Swing","279","279","Real_Book_Vol2_2nd_Edition.pdf"
"Move","280","280","Real_Book_Vol2_2nd_Edition.pdf"
"My Attorney Bernie","281","281","Real_Book_Vol2_2nd_Edition.pdf"
"My Little Suede Shoes","282","284","Real_Book_Vol2_2nd_Edition.pdf"
"My Old Flame","285","285","Real_Book_Vol2_2nd_Edition.pdf"
"Nature Boy","286","287","Real_Book_Vol2_2nd_Edition.pdf"
"No Moe","288","288","Real_Book_Vol2_2nd_Edition.pdf"
"The Nearness of You","289","288","Real_Book_Vol2_2nd_Edition.pdf"
"No Splice","289","289","Real_Book_Vol2_2nd_Edition.pdf"
"Night Song","290","289","Real_Book_Vol2_2nd_Edition.pdf"
"North Atlantic Run","290","290","Real_Book_Vol2_2nd_Edition.pdf"
"Now See How You Are","291","292","Real_Book_Vol2_2nd_Edition.pdf"
"Now’s the Time","293","293","Real_Book_Vol2_2nd_Edition.pdf"
"Off Minor","294","294","Real_Book_Vol2_2nd_Edition.pdf"
"Oh, What a Beautiful Morning","295","296","Real_Book_Vol2_2nd_Edition.pdf"
"Old Devil Moon","297","297","Real_Book_Vol2_2nd_Edition.pdf"
"On the Sunny Side of the Street","298","298","Real_Book_Vol2_2nd_Edition.pdf"
"One by One","299","299","Real_Book_Vol2_2nd_Edition.pdf"
"One Foot in the Gutter","300","300","Real_Book_Vol2_2nd_Edition.pdf"
"Our Language of Love","301","301","Real_Book_Vol2_2nd_Edition.pdf"
"One Morning in May","302","303","Real_Book_Vol2_2nd_Edition.pdf"
"Out Back of the Barn","304","304","Real_Book_Vol2_2nd_Edition.pdf"
"Oye Como Va","305","305","Real_Book_Vol2_2nd_Edition.pdf"
"Panonica","306","306","Real_Book_Vol2_2nd_Edition.pdf"
"Parisian Thoroughfare","307","307","Real_Book_Vol2_2nd_Edition.pdf"
"Peel Me a Grape","308","308","Real_Book_Vol2_2nd_Edition.pdf"
"Pennies from Heaven","309","309","Real_Book_Vol2_2nd_Edition.pdf"
"People Will Say We’re in Love","310","310","Real_Book_Vol2_2nd_Edition.pdf"
"Perdido","311","311","Real_Book_Vol2_2nd_Edition.pdf"
"Petite Fleur (Little Flower)","312","312","Real_Book_Vol2_2nd_Edition.pdf"
"Petit Machin","313","313","Real_Book_Vol2_2nd_Edition.pdf"
"Phase Dance","314","315","Real_Book_Vol2_2nd_Edition.pdf"
"Picadillo (A La Puente)","316","316","Real_Book_Vol2_2nd_Edition.pdf"
"Pick Yourself Up","317","317","Real_Book_Vol2_2nd_Edition.pdf"
"Polka Dots and Moonbeams","318","318","Real_Book_Vol2_2nd_Edition.pdf"
"A Portrait of Ironey (Portrait of Ernie)","319","319","Real_Book_Vol2_2nd_Edition.pdf"
"Prisoner of Love","320","320","Real_Book_Vol2_2nd_Edition.pdf"
"Pursuance (Part III)","321","321","Real_Book_Vol2_2nd_Edition.pdf"
"Questions and Answers","322","323","Real_Book_Vol2_2nd_Edition.pdf"
"Quicksilver","324","325","Real_Book_Vol2_2nd_Edition.pdf"
"Reets and I","326","326","Real_Book_Vol2_2nd_Edition.pdf"
"The Red One","327","327","Real_Book_Vol2_2nd_Edition.pdf"
"Red Cross","328","327","Real_Book_Vol2_2nd_Edition.pdf"
"Rhythm-a-Ning","328","328","Real_Book_Vol2_2nd_Edition.pdf"
"Right as Rain","329","329","Real_Book_Vol2_2nd_Edition.pdf"
"Robbin’s Nest","330","330","Real_Book_Vol2_2nd_Edition.pdf"
"Rockin’ in Rhythm","331","331","Real_Book_Vol2_2nd_Edition.pdf"
"Rosetta","332","332","Real_Book_Vol2_2nd_Edition.pdf"
"Round Trip","333","333","Real_Book_Vol2_2nd_Edition.pdf"
"Route 66","334","334","Real_Book_Vol2_2nd_Edition.pdf"
"Rubberneckin’","335","335","Real_Book_Vol2_2nd_Edition.pdf"
"Russian Lullaby","336","336","Real_Book_Vol2_2nd_Edition.pdf"
"Sack of Woe","337","337","Real_Book_Vol2_2nd_Edition.pdf"
"Saint James Infirmary","338","338","Real_Book_Vol2_2nd_Edition.pdf"
"St. Thomas","339","339","Real_Book_Vol2_2nd_Edition.pdf"
"Salt Peanuts","340","340","Real_Book_Vol2_2nd_Edition.pdf"
"Sandu","341","341","Real_Book_Vol2_2nd_Edition.pdf"
"Say It (Over and Over Again)","342","342","Real_Book_Vol2_2nd_Edition.pdf"
"Sentimental Journey","343","343","Real_Book_Vol2_2nd_Edition.pdf"
"September Song","344","344","Real_Book_Vol2_2nd_Edition.pdf"
"Serenade to a Soul Sister","345","345","Real_Book_Vol2_2nd_Edition.pdf"
"Serene","346","346","Real_Book_Vol2_2nd_Edition.pdf"
"Shine","347","347","Real_Book_Vol2_2nd_Edition.pdf"
"Shutterbug","348","348","Real_Book_Vol2_2nd_Edition.pdf"
"Silver’s Serenade","349","349","Real_Book_Vol2_2nd_Edition.pdf"
"Simone","350","350","Real_Book_Vol2_2nd_Edition.pdf"
"Sippin' At Bells","351","351","Real_Book_Vol2_2nd_Edition.pdf"
"Skyliner","352","352","Real_Book_Vol2_2nd_Edition.pdf"
"Slipped Disc","353","353","Real_Book_Vol2_2nd_Edition.pdf"
"Smoke Gets in Your Eyes","354","354","Real_Book_Vol2_2nd_Edition.pdf"
"Softly, as in a Morning Sunrise","355","355","Real_Book_Vol2_2nd_Edition.pdf"
"Smoke Rings","356","357","Real_Book_Vol2_2nd_Edition.pdf"
"Some Other Blues","358","358","Real_Book_Vol2_2nd_Edition.pdf"
"Song for Bilbao","359","359","Real_Book_Vol2_2nd_Edition.pdf"
"Songbird (Thank You for Your Lovely Song)","360","360","Real_Book_Vol2_2nd_Edition.pdf"
"Soul Eyes","361","361","Real_Book_Vol2_2nd_Edition.pdf"
"Soultrane","362","362","Real_Book_Vol2_2nd_Edition.pdf"
"Speak Like a Child","363","363","Real_Book_Vol2_2nd_Edition.pdf"
"Speak Low","364","364","Real_Book_Vol2_2nd_Edition.pdf"
"Spiral","365","365","Real_Book_Vol2_2nd_Edition.pdf"
"St. Louis Blues","366","366","Real_Book_Vol2_2nd_Edition.pdf"
"Stardust","367","367","Real_Book_Vol2_2nd_Edition.pdf"
"Straight Life","368","368","Real_Book_Vol2_2nd_Edition.pdf"
"Strayhorn 2","369","369","Real_Book_Vol2_2nd_Edition.pdf"
"Strode Rode","370","370","Real_Book_Vol2_2nd_Edition.pdf"
"Strollin’","371","371","Real_Book_Vol2_2nd_Edition.pdf"
"Struttin’ with Some Barbecue","372","372","Real_Book_Vol2_2nd_Edition.pdf"
"Subconscious-Lee","373","373","Real_Book_Vol2_2nd_Edition.pdf"
"Suddenly It’s Spring","374","374","Real_Book_Vol2_2nd_Edition.pdf"
"Summer in Central Park","375","375","Real_Book_Vol2_2nd_Edition.pdf"
"S’posin’","376","376","Real_Book_Vol2_2nd_Edition.pdf"
"Sweet Sue, Just You","377","377","Real_Book_Vol2_2nd_Edition.pdf"
"The Sweetest Sounds","378","378","Real_Book_Vol2_2nd_Edition.pdf"
"The Swingin’ Shepherd Blues","379","379","Real_Book_Vol2_2nd_Edition.pdf"
"Syeeda’s Song Flute","380","381","Real_Book_Vol2_2nd_Edition.pdf"
"’Tain’t What You Do (It’s the Way That Cha Do It)","382","382","Real_Book_Vol2_2nd_Edition.pdf"
"Take the Coltrane","383","383","Real_Book_Vol2_2nd_Edition.pdf"
"Tanga","384","385","Real_Book_Vol2_2nd_Edition.pdf"
"Tangerine","386","386","Real_Book_Vol2_2nd_Edition.pdf"
"Tee Pee’s Blues","387","387","Real_Book_Vol2_2nd_Edition.pdf"
"Tempus Fugit","388","388","Real_Book_Vol2_2nd_Edition.pdf"
"Tenderly","389","389","Real_Book_Vol2_2nd_Edition.pdf"
"Tenor Madness","390","390","Real_Book_Vol2_2nd_Edition.pdf"
"There’s a Small Hotel","391","391","Real_Book_Vol2_2nd_Edition.pdf"
"These Foolish Things (Remind Me of You)","392","392","Real_Book_Vol2_2nd_Edition.pdf"
"Things to Come","393","393","Real_Book_Vol2_2nd_Edition.pdf"
"The Things We Did Last Summer","394","394","Real_Book_Vol2_2nd_Edition.pdf"
"This I Dig of You","395","395","Real_Book_Vol2_2nd_Edition.pdf"
"This Masquerade","396","396","Real_Book_Vol2_2nd_Edition.pdf"
"Three Base Hit","397","397","Real_Book_Vol2_2nd_Edition.pdf"
"The Thumper","398","398","Real_Book_Vol2_2nd_Edition.pdf"
"This Year’s Kisses","399","399","Real_Book_Vol2_2nd_Edition.pdf"
"Till There Was You","400","400","Real_Book_Vol2_2nd_Edition.pdf"
"Tippin’","401","401","Real_Book_Vol2_2nd_Edition.pdf"
"Tomorrow’s Destiny","402","402","Real_Book_Vol2_2nd_Edition.pdf"
"Too Young","403","403","Real_Book_Vol2_2nd_Edition.pdf"
"Trade’s Blues","404","404","Real_Book_Vol2_2nd_Edition.pdf"
"Turnaround","405","405","Real_Book_Vol2_2nd_Edition.pdf"
"Twisted","406","406","Real_Book_Vol2_2nd_Edition.pdf"
"Two Cigarettes in the Dark","407","407","Real_Book_Vol2_2nd_Edition.pdf"
"Two Degrees East, Three Degrees West","408","408","Real_Book_Vol2_2nd_Edition.pdf"
"Until I Met You","409","409","Real_Book_Vol2_2nd_Edition.pdf"
"Walkin’ Shoes","410","410","Real_Book_Vol2_2nd_Edition.pdf"
"A Walkin’ Thing","411","411","Real_Book_Vol2_2nd_Edition.pdf"
"Wardell’s Valley (Wardell’s Valley)","412","412","Real_Book_Vol2_2nd_Edition.pdf"
"Watch What Happens","413","413","Real_Book_Vol2_2nd_Edition.pdf"
"Watercolors","414","414","Real_Book_Vol2_2nd_Edition.pdf"
"The Way You Look Tonight","415","415","Real_Book_Vol2_2nd_Edition.pdf"
"A Weaver of Dreams","416","416","Real_Book_Vol2_2nd_Edition.pdf"
"Wee (Allen’s Alley)","417","417","Real_Book_Vol2_2nd_Edition.pdf"
"We’ll Be Together Again","418","418","Real_Book_Vol2_2nd_Edition.pdf"
"What’ll I Do?","419","419","Real_Book_Vol2_2nd_Edition.pdf"
"What’s New?","420","420","Real_Book_Vol2_2nd_Edition.pdf"
"When the Sun Comes Out","421","421","Real_Book_Vol2_2nd_Edition.pdf"
"Whisper Not","422","423","Real_Book_Vol2_2nd_Edition.pdf"
"The Whopper","424","424","Real_Book_Vol2_2nd_Edition.pdf"
"Who Can I Turn To (When Nobody Needs Me)","425","425","Real_Book_Vol2_2nd_Edition.pdf"
"Why Do I Love You?","426","426","Real_Book_Vol2_2nd_Edition.pdf"
"Weep for Me","427","427","Real_Book_Vol2_2nd_Edition.pdf"
"With a Song in My Heart","428","428","Real_Book_Vol2_2nd_Edition.pdf"
"Without a Song","429","429","Real_Book_Vol2_2nd_Edition.pdf"
"A Wonderful Day Like Today","430","430","Real_Book_Vol2_2nd_Edition.pdf"
"Work Song","431","431","Real_Book_Vol2_2nd_Edition.pdf"
"Wow","432","432","Real_Book_Vol2_2nd_Edition.pdf"
"Yardbird Suite","433","433","Real_Book_Vol2_2nd_Edition.pdf"
"You Are a Beautiful Thing","434","434","Real_Book_Vol2_2nd_Edition.pdf"
"You Can Depend on Me","435","435","Real_Book_Vol2_2nd_Edition.pdf"
"You’d Be So Nice to Come Home To","436","436","Real_Book_Vol2_2nd_Edition.pdf"
"You’re My Everything","437","437","Real_Book_Vol2_2nd_Edition.pdf"
"You’re Nobody ’Til Somebody Loves You","438","438","Real_Book_Vol2_2nd_Edition.pdf"
